권도은,98, 3ngb798o@nano.com, h7i, 010-8498-1849, female
권도진,57, 8d4524c4@nano.com, tzx, 010-3157-7315, male
권민서,64, zcg334dq@nano.com, twz, 010-9564-1956, female
권민은,4, x4xp0dm6@nano.com, e1m, 010-0204-8020, male
권민준,45, g2amkmfo@nano.com, bhu, 010-2045-1204, female
권민후,7, nsmndaks@nano.com, cz6, 010-1607-1160, female
권민후,3, 5pz5o9vn@nano.com, y30, 010-3703-8370, male
권서연,78, i4nnt24s@nano.com, akl, 010-3378-9337, male
권서원,96, 6kknl0rf@nano.com, it7, 010-9496-9949, female
권서윤,92, cfwd49vn@nano.com, zg0, 010-4192-9419, male
권서호,23, a00ziwlf@nano.com, v9g, 010-7623-4762, female
권서후,5, 7xsw8nh9@nano.com, 8et, 010-6805-0680, female
권예아,49, li8qse96@nano.com, y6z, 010-4949-4494, female
권예은,32, 2zq9t8pv@nano.com, qqz, 010-1932-6193, male
권윤원,29, 2gk7xsrq@nano.com, zsu, 010-1929-7192, male
권윤은,14, wwpmlhyq@nano.com, xgh, 010-8314-8831, male
권윤진,43, 2nfvil6z@nano.com, qkr, 010-0268-8026, male
권윤후,92, ku7ut9a8@nano.com, ziu, 010-8292-9829, female
권주서,2, x5tdct34@nano.com, egb, 010-0102-6010, male
권주연,37, rblatyzv@nano.com, hbi, 010-1537-8153, female
권주연,21, ufwxauiz@nano.com, y9c, 010-4821-9482, female
권주은,88, 8akspc28@nano.com, 0ms, 010-5688-3568, female
권주후,45, qhzx69el@nano.com, 2lx, 010-1645-4164, male
권지우,94, m7aga4qn@nano.com, 5cf, 010-3194-5319, male
권지우,77, l1r3mzq1@nano.com, sqb, 010-9777-3977, female
권지원,43, vino2phy@nano.com, rpo, 010-2143-7214, female
권지호,11, 2um2vr9d@nano.com, 0df, 010-8711-3871, male
권채윤,34, 76mdkleb@nano.com, 2hu, 010-8734-2873, female
권채진,11, x88g1guk@nano.com, h01, 010-4111-8411, male
권채후,43, 1ies78wi@nano.com, fd7, 010-2143-7214, male
권하서,54, lgaw8bf1@nano.com, igl, 010-8954-4895, female
권하진,75, 090zwvg6@nano.com, hhn, 010-7175-2717, female
권하호,86, 92rxnu5y@nano.com, dew, 010-9786-4978, female
권현윤,36, 4pohm8ad@nano.com, nlt, 010-9836-1983, male
권현은,45, x1sdbkg0@nano.com, tib, 010-6145-7614, female
권현진,16, 4rye2dur@nano.com, rrv, 010-5216-9521, female
권현호,6, 8gsexh21@nano.com, ghq, 010-4206-6420, male
서도원,95, lkbztzpf@nano.com, fmr, 010-8395-5839, male
서도은,56, ynzx0p6e@nano.com, vzb, 010-1856-6185, male
서도은,94, 8pf1u845@nano.com, wnx, 010-1294-8129, female
서도호,25, cspmtue7@nano.com, lzd, 010-7125-5712, male
서민서,75, eh44vqow@nano.com, ofu, 010-0875-3087, male
서민우,44, 4sl3v5ql@nano.com, nz9, 010-3944-3394, male
서민진,12, 098b9qp4@nano.com, f7h, 010-0312-4031, female
서서연,22, xyn3htsv@nano.com, kd8, 010-5322-0532, female
서서우,88, 4zss07be@nano.com, 9eq, 010-8388-8838, male
서서은,63, g6mx947n@nano.com, g9m, 010-6763-4676, male
서서은,53, 875587vx@nano.com, mes, 010-9753-6975, female
서예서,68, o762n0zq@nano.com, lwa, 010-3668-0366, male
서예아,61, p1v6ihwc@nano.com, gby, 010-0861-8086, male
서예연,66, 8atv28cg@nano.com, xsz, 010-1966-2196, female
서윤아,87, blpttkha@nano.com, 6pi, 010-8787-7878, male
서윤원,54, z3nhpri8@nano.com, 3u5, 010-3354-9335, male
서윤윤,15, cmfu3g51@nano.com, fm7, 010-5215-4521, male
서윤윤,55, vg1qy2kv@nano.com, wqk, 010-8655-5865, male
서윤은,42, stvunzge@nano.com, f2x, 010-9542-5954, male
서주우,4, 03fpl2l1@nano.com, hql, 010-4104-6410, male
서주준,75, u4vanymf@nano.com, vp6, 010-0875-3087, male
서주준,43, mbzwt55y@nano.com, d9h, 010-7643-3764, male
서지서,91, e6ha8cnd@nano.com, fla, 010-8991-2899, male
서지서,44, 99ly1uyv@nano.com, 9cy, 010-8444-3844, male
서지우,36, qz9zozz7@nano.com, nq6, 010-9236-4923, female
서지우,52, ixieax7z@nano.com, ccx, 010-1352-6135, female
서지우,78, wacceoki@nano.com, r73, 010-7778-8777, female
서지우,5, sfxy059d@nano.com, ykn, 010-3005-3300, female
서지은,78, c282evpq@nano.com, 4xz, 010-1078-6107, female
서지준,56, e9ieuhc8@nano.com, lq8, 010-1856-6185, female
서지준,33, 4q56cq7f@nano.com, pu6, 010-3733-6373, female
서지준,64, 0ofu8l39@nano.com, 4ac, 010-3164-7316, female
서지진,56, addyrvlu@nano.com, udo, 010-7856-5785, male
서지호,52, 5slvsuz7@nano.com, 73g, 010-4152-0415, male
서채서,61, y3zmvmmn@nano.com, k3q, 010-4861-1486, male
서채우,34, qqg9iozt@nano.com, irt, 010-3534-4353, female
서채원,3, 2pzsnvxp@nano.com, itq, 010-9103-7910, female
서채준,75, qi9yxt99@nano.com, 1pq, 010-0675-6067, male
서채호,66, y7dfqe0u@nano.com, 8c9, 010-1566-1156, male
서채호,69, ami8rz2z@nano.com, akv, 010-8469-2846, female
서하아,66, wk2rov20@nano.com,539, 010-4966-8496, female
서하준,27, 322zzgnn@nano.com, on7, 010-8627-4862, male
서하준,88, f7zesezp@nano.com, 0wp, 010-3488-5348, male
서하후,82, e3l63zyz@nano.com, 9zv, 010-6482-4648, male
서현은,37, fgfo47ab@nano.com, c4z, 010-9537-2953, female
서현호,8, w5oxd0hf@nano.com, g36, 010-0608-2060, female
서현호,11, ux9brzq6@nano.com, qz3, 010-9311-0931, male
서현후,73, yzw03hhb@nano.com, iho, 010-3573-9357, female
송도연,16, q8z4x8t7@nano.com, ql1, 010-1816-8181, male
송도준,12, 1uz6gg71@nano.com, lx3, 010-3512-4351, female
송도진,26, v93nblwm@nano.com, zlq, 010-6926-8692, male
송민아,38, 1y5ioowg@nano.com, zox, 010-2538-6253, female
송민원,5, kn3zlbye@nano.com, yp2, 010-6905-4690, female
송민원,93, rybbhqzc@nano.com, zie, 010-1993-1199, female
송서원,36, g9fawcm0@nano.com, s09, 010-9836-1983, female
송서호,14, ql3i6gmg@nano.com, pzy, 010-2914-6291, male
송서후,5, f6hfs3sv@nano.com,100, 010-1605-5160, female
송예원,57, xhxzibgm@nano.com, 4z2, 010-0557-5055, male
송예윤,47, edqaxoma@nano.com, rtp, 010-7547-7754, male
송예은,76, gxl559zk@nano.com, gsy, 010-1876-6187, male
송윤서,24, et83mnl7@nano.com, vqx, 010-1324-6132, female
송윤우,54, yqnuhypw@nano.com, f9u, 010-4254-5425, male
송주윤,37, y1kalysf@nano.com, os7, 010-9537-2953, female
송주은,84, ldekykfn@nano.com, oqt, 010-5384-8538, female
송주진,52, h6natczc@nano.com, qfb, 010-8552-9855, male
송지아,46, rhyztpmz@nano.com, xpb, 010-2846-9284, male
송지연,26, s2q5kc1x@nano.com, n5n, 010-3926-5392, female
송지우,28, sdxtmnmz@nano.com, 2hv, 010-6328-5632, male
송지윤,76, pe4meyfe@nano.com, cu4, 010-5376-8537, female
송지은,46, wd3ellc6@nano.com, l45, 010-3146-8314, female
송지준,14, sgfy0krq@nano.com, hq2, 010-8314-8831, male
송지진,67, bc7yyz32@nano.com, uf7, 010-4667-1466, female
송지호,15, 1qipyq1h@nano.com, cbz, 010-4915-7491, male
송채서,4, 7v57zxwt@nano.com, p5a, 010-2204-3220, female
송채진,23, ofnuaw9c@nano.com, 9ux, 010-3623-0362, male
송하우,28, zrd134ya@nano.com, fpc, 010-4728-9472, male
송하우,97, 8r0uzczg@nano.com, nk6, 010-9297-1929, male
송하진,35, mat1te13@nano.com, 0pn, 010-4935-6493, female
송하호,17, 4o88gbpx@nano.com, scv, 010-2417-5241, male
송현서,37, gqk1dk2n@nano.com, str, 010-1537-8153, male
송현서,56, 633ultaz@nano.com, ft9, 010-3456-6345, female
송현서,53, 096vyvme@nano.com, 6o5, 010-3353-0335, female
송현서,24, kynmgrvr@nano.com, z7t, 010-3324-1332, male
송현아,28, c8eq5e72@nano.com,881, 010-0128-1012, male
송현아,78, utffeyu6@nano.com, ect, 010-4078-3407, male
송현연,16, uk6plpp8@nano.com, 40s, 010-9116-8911, male
송현윤,66, 57datdm8@nano.com, qrx, 010-3666-2366, female
송현은,27, gzv1y74r@nano.com, moq, 010-5027-0502, male
송현은,95, 5azz26l4@nano.com, xu7, 010-4395-1439, female
신도서,19, n9rqogx5@nano.com, vd0, 010-1219-0121, female
신도연,62, 5hq1c7mb@nano.com, 5mc, 010-5162-6516, female
신도우,75, x545kce6@nano.com, 4iv, 010-0175-6017, male
신도윤,71, aa5hott6@nano.com, xze, 010-4271-2427, male
신도윤,63, sf3mnot8@nano.com, u0z, 010-6763-6676, male
신도후,13, z0cftze8@nano.com, 1lt, 010-6013-3601, female
신민아,4, 5fyc6b87@nano.com, d6s, 010-4304-7430, female
신민연,48, atltvkbf@nano.com, czb, 010-5148-7514, female
신민원,53, 8vavfli2@nano.com, dlp, 010-5453-2545, female
신민원,41, eidiheap@nano.com, cun, 010-9141-9914, female
신민은,61, 42e7z1bh@nano.com, 9hm, 010-9461-5946, male
신민진,51, hstu1oz9@nano.com, d4y, 010-3951-4395, female
신민진,47, m44kxb4t@nano.com, 36g, 010-6447-8644, male
신서서,92, 63g4p3ic@nano.com, zqz, 010-8292-2829, male
신서아,88, osgariad@nano.com, yh5, 010-6788-7678, female
신서준,88, zia9f1yr@nano.com, 6of, 010-9988-5998, male
신서준,23, 3e1zdv4l@nano.com, wst, 010-1823-9182, male
신예서,44, x1nr7yql@nano.com, azp, 010-2144-6214, male
신예은,82, rq8olevt@nano.com, 2nq, 010-8682-4868, female
신윤우,4, 37fcrzvw@nano.com, uv5, 010-2604-4260, male
신윤준,3, dqyx967b@nano.com, ezo, 010-1003-8100, female
신윤진,57, zvkpe4vz@nano.com, 2ul, 010-0157-0015, male
신윤진,89, y0s4qzrq@nano.com, uee, 010-6689-5668, female
신주서,16, 6x71fblb@nano.com, ggz, 010-2416-9241, male
신주준,37, 4xzst3zy@nano.com, bc3, 010-1437-3143, female
신지우,84, gy7h1nnn@nano.com, zcw, 010-2384-4238, male
신지우,47, f6d0ebat@nano.com, 5x6, 010-7547-7754, male
신지우,98, 2ycur33c@nano.com, ctr, 010-3898-1389, male
신지은,44, sbp4ub8f@nano.com, foc, 010-2144-6214, female
신지진,3, vbkdug95@nano.com, ss8, 010-2503-1250, female
신지호,53, l6el5luw@nano.com, z74, 010-2653-8265, male
신채윤,19, 0cq2u5vv@nano.com, 2aq, 010-1219-0121, male
신채진,18, mna9qmkp@nano.com, n6u, 010-8018-9801, female
신채호,22, 26vsorv3@nano.com, xau, 010-5322-0532, male
신채후,76, l6hsnbqo@nano.com, 3wy, 010-2076-8207, female
신하원,26, xua89x3z@nano.com, nzw, 010-9126-7912, male
신하준,23, dwdesp7q@nano.com, o1b, 010-6623-6662, female
신하진,75, 4koy2okb@nano.com, l3k, 010-2775-2277, female
신현서,95, 8ozfp7dz@nano.com, vfa, 010-2595-9259, male
신현연,36, 65g86iqq@nano.com, quz, 010-0736-8073, male
신현준,93, 4nzket4p@nano.com, hka, 010-0993-5099, female
신현진,68, t0c266wh@nano.com, m5l, 010-3668-0366, female
안도연,72, q0alfyiy@nano.com, d3h, 010-3272-3327, female
안도호,23, mf9ozst3@nano.com, kru, 010-6023-2602, male
안민연,96, xfhmle5y@nano.com, 21z, 010-1596-9159, female
안민원,86, gzozhz88@nano.com, bex, 010-1486-0148, female
안민원,19, cv5az9di@nano.com, v9u, 010-1119-8111, male
안민준,6, 7xc6c2ca@nano.com, sgx, 010-0906-6090, male
안민준,85, puw2zp2m@nano.com, phd, 010-7785-0778, male
안민후,35, hdatl411@nano.com, mn2, 010-4335-5433, male
안민후,91, gw8rkd7l@nano.com, m2u, 010-3791-0379, female
안서서,84, 2lsensv5@nano.com, fk0, 010-3084-0308, female
안서진,99, bq4c3cwu@nano.com, 0w0, 010-2099-8209, male
안서후,27, 1zplb1w5@nano.com, oyl, 010-4527-8452, male
안예우,84, vluzvv58@nano.com, e53, 010-5484-4548, male
안예우,83, xcbqwn21@nano.com, wh9, 010-4683-4468, female
안예윤,43, wyfun5cn@nano.com, kt1, 010-3743-3374, male
안예진,81, rrqmuxlt@nano.com, rk2, 010-0281-1028, male
안윤아,63, 3hg4t1fo@nano.com, 1ac, 010-0763-7076, female
안윤연,86, 5dhvykd8@nano.com, ts0, 010-1486-6148, male
안윤원,78, zvnbrbph@nano.com, 0zg, 010-2878-0287, male
안윤윤,42, c5066s6r@nano.com, 2za, 010-4742-5474, female
안주연,93, 5ffrakrx@nano.com, tao, 010-1093-9109, female
안주연,9, ubkr10w9@nano.com, 7fm, 010-9909-5990, female
안주윤,45, brvor968@nano.com, ci7, 010-9045-0904, male
안주진,17, rbml9z9n@nano.com, a8l, 010-0817-5081, male
안지연,76, eicope9r@nano.com, gqo, 010-1576-7157, male
안지진,87, 969tz0d2@nano.com, 4xa, 010-0687-0068, male
안지호,75, zmisuwqv@nano.com, 5ql, 010-7675-2767, female
안지후,63, oz4uppas@nano.com, u9u, 010-0363-2036, male
안지후,28, ze99dekb@nano.com, 98d, 010-4128-1412, male
안채아,88, i6pqkb84@nano.com, gb6, 010-9988-5998, female
안채윤,72, 75ggt1do@nano.com, ylq, 010-8072-7807, male
안채호,42, d2i7ac67@nano.com, gbz, 010-8442-6844, male
안채후,4, veeqggm6@nano.com, s1p, 010-4104-6410, male
안하윤,93, ynfksfmd@nano.com, bbh, 010-3093-7309, female
안하진,97, nobwarmi@nano.com, 4kq, 010-8097-7809, male
안현원,58, z7tkzdo7@nano.com, 3vc, 010-9858-0985, female
안현진,92, 6v3394zi@nano.com, pup, 010-3892-0389, male
오도서,71, f6vawgef@nano.com, xzt, 010-4271-2427, male
오도진,78, km28vbqw@nano.com, a1y, 010-3378-9337, male
오서연,14, bwrk9f2w@nano.com, wkz, 010-1914-4191, female
오서원,55, znkv2n6p@nano.com, wpx, 010-2455-9245, female
오서윤,51, wm62sye1@nano.com, 8xw, 010-0951-0095, male
오서호,36, hg9a57y1@nano.com, 2wq, 010-1836-4183, female
오서후,22, b7x2kr04@nano.com, qtp, 010-0022-5002, male
오서후,42, lr996flx@nano.com, 90l, 010-2542-8254, male
오예아,23, p3wm0d2k@nano.com, t7c, 010-7023-1702, male
오예윤,66, o9vbup5z@nano.com, d30, 010-7166-0716, female
오예은,33, mvdyp8h3@nano.com, fpz, 010-0633-2063, male
오예준,34, 3h0qcqeb@nano.com, 5k1, 010-5234-1523, male
오예진,47, bva0k9z4@nano.com, aq8, 010-0247-8024, male
오예호,87, v4dzszt9@nano.com, nez, 010-2287-0228, male
오윤우,94, o087bn0l@nano.com, lxc, 010-3194-6319, male
오윤원,93, fnda84wl@nano.com, rbq, 010-1993-1199, male
오윤준,86, v3zqfcto@nano.com, izx, 010-1486-6148, female
오주우,43, owra0ehs@nano.com, 6tr, 010-3743-3374, female
오주윤,64, 0gn18x8y@nano.com, wcc, 010-9564-1956, male
오주윤,15, q61hmzas@nano.com, 4fb, 010-3715-7371, male
오주은,68, p8kyrse6@nano.com, va7, 010-2268-4226, female
오주준,36, lokzukt8@nano.com, opc, 010-0336-3033, male
오주준,68, 4o2nxf3g@nano.com, o7z, 010-8768-1876, male
오지서,53, 4sbt9ll0@nano.com, l7i, 010-2653-8265, female
오지서,3, zo0s76rn@nano.com, 49w, 010-7103-8710, male
오지서,3, bv9xi0z2@nano.com, f5t, 010-1003-8100, female
오지연,66, o87i3olu@nano.com, znf, 010-6266-2626, female
오지원,45, v4yuihsc@nano.com, 43z, 010-9045-0904, female
오지윤,38, id6dx3wz@nano.com, xzi, 010-3138-8313, male
오지준,13, fbmnpm8f@nano.com, 45f, 010-0813-0081, female
오지진,66, cvo5skf5@nano.com, 05u, 010-6266-2626, male
오지진,34, zgxi15g4@nano.com, qy9, 010-6534-2653, female
오채우,62, rah094l1@nano.com, u84, 010-0162-3016, male
오채진,6, nhxn168z@nano.com, y6u, 010-0906-6090, female
오하우,7, bvxc2sgb@nano.com, 08e, 010-2507-2250, male
오하원,23, moqhy4k5@nano.com, wy8, 010-2723-3272, male
오하후,64, cxy71xd4@nano.com, nsm, 010-9964-6996, female
오현윤,27, 48zg1wzt@nano.com, bau, 010-2927-5292, female
오현진,12, f7z2mzn0@nano.com, 52e, 010-1512-5151, female
유도원,33, 8dxcoqgu@nano.com, ebd, 010-0233-4023, male
유도준,62, yhlmg5hg@nano.com, 7i2, 010-5162-6516, female
유민아,62, 2ab4cfd8@nano.com, zww, 010-6162-6616, female
유민진,23, zdqw4m73@nano.com, w35, 010-2723-3272, female
유민후,61, otpi7pgw@nano.com, 35q, 010-0861-8086, male
유서호,98, 9mz9r7nc@nano.com, 7za, 010-3898-6389, male
유예우,98, ikhdqfxv@nano.com, s0w, 010-5698-9569, male
유예원,72, 840e7xn2@nano.com, uvv, 010-1672-3167, female
유예원,77, zrzyuzu5@nano.com, lqt, 010-0777-1077, male
유예후,2, z15kzlhv@nano.com, nc9, 010-7702-1770, male
유윤서,52, 7zaee87u@nano.com, iya, 010-2552-0255, male
유윤원,52, 5s83xdzb@nano.com, x4u, 010-0052-4005, male
유윤원,77, d6l6hhi9@nano.com, dwh, 010-0777-9077, male
유윤윤,75, 3hfhxfpt@nano.com, 67c, 010-9775-0977, male
유윤준,82, g9shk97e@nano.com, k36, 010-9382-5938, male
유윤후,43, w9wq3a0m@nano.com, g94, 010-0943-7094, female
유주서,3, z1rsi08n@nano.com, ark, 010-4103-2410, male
유주연,87, vhh9urlw@nano.com, qkl, 010-1226-4122, female
유주윤,39, k57beb94@nano.com, 8bo, 010-1039-1103, male
유주윤,32, qen8zffa@nano.com, 87h, 010-9432-9943, female
유주준,32, vrcrggaw@nano.com, 6bf, 010-3032-2303, female
유주진,44, f4m3vksu@nano.com, 1k5, 010-0844-4084, male
유지서,72, lbr0fp4v@nano.com, ciz, 010-1672-3167, male
유지서,97, n491yh2b@nano.com, tsc, 010-3697-5369, male
유지서,42, tg2iec8x@nano.com, nna, 010-4742-2474, female
유지연,11, 16vkms3k@nano.com, ug2, 010-0711-9071, female
유지윤,21, kuibg17z@nano.com, bql, 010-9921-1992, male
유지은,63, 3hrn8hzn@nano.com, zzr, 010-2463-6246, female
유지은,64, 8c0q7wpl@nano.com, q7t, 010-7564-6756, female
유지은,7, y2co70si@nano.com, b2s, 010-3407-8340, male
유지준,84, ckepf752@nano.com, xk3, 010-2684-5268, female
유지진,17, apxv1pcr@nano.com, zae, 010-2117-8211, female
유지후,14, anfcecc8@nano.com, al4, 010-1014-5101, male
유하은,96, h8u1hghz@nano.com, u56, 010-5096-8509, female
유하은,32, nawh29qc@nano.com, 2uw, 010-9432-9943, male
유하은,83, pn6spzad@nano.com, dww, 010-2978-4297, male
유하진,78, yy6foz8u@nano.com, 9kz, 010-0478-8047, female
유현서,83, slbdkfuh@nano.com, iil, 010-9383-8938, male
유현원,85, 60pggr0q@nano.com, pqv, 010-2485-3248, female
유현윤,85, fteonkxz@nano.com, mxb, 010-9885-6988, male
유현은,85, p3q99e60@nano.com, 5b5, 010-1885-5188, male
유현진,4, gdavmrql@nano.com, 1ky, 010-0204-8020, female
전도서,42, h44d91dy@nano.com, tyd, 010-9542-5954, male
전도준,78, g5kvtmrq@nano.com, laq, 010-0478-8047, female
전도진,16, 4rzrrwrc@nano.com, 2ka, 010-1816-8181, female
전도진,8, sxtz2i28@nano.com, l2m, 010-0608-2060, female
전도후,7, v6wny3bz@nano.com, huo, 010-2507-2250, male
전민연,42, zqcdc2f6@nano.com, oc6, 010-8642-0864, male
전서아,35, umm5cqxu@nano.com, vz0, 010-9135-7913, male
전서연,31, x6p2lyc6@nano.com, mik, 010-7631-9763, female
전예은,45, 328a9112@nano.com, 28s, 010-1945-2194, female
전예진,38, 8icqrn7n@nano.com, zth, 010-3138-8313, male
전윤아,62, 6htztw48@nano.com, rz1, 010-9062-5906, female
전윤원,24, ztq1rg5d@nano.com, f3g, 010-1324-6132, female
전윤은,42, mto84xn3@nano.com, em9, 010-8642-0864, female
전윤은,44, 9sd76rz8@nano.com, cvg, 010-4344-5434, male
전윤준,2, qbsx9rop@nano.com, dgk, 010-8202-2820, male
전윤진,28, c2lm29ce@nano.com, g1d, 010-8028-2802, male
전윤진,23, 9st2811m@nano.com, p1e, 010-7623-4762, male
전주원,16, 6q5ri4pp@nano.com, mf7, 010-9216-4921, male
전주준,12, 5z3cesoi@nano.com, vnk, 010-7212-4721, male
전주준,16, kszfh1xs@nano.com, f2f, 010-5816-9581, female
전주진,18, tbz0zqlt@nano.com, gmz, 010-3818-9381, male
전주호,28, 8suogilm@nano.com, wab, 010-0128-1012, female
전주호,47, lcpuu764@nano.com, tai, 010-0247-8024, male
전지서,8, rcibc1zz@nano.com, um8, 010-0508-8050, female
전지아,56, fn1todzc@nano.com, bp2, 010-0156-2015, female
전지원,26, af4z1p1l@nano.com, scs, 010-5326-6532, male
전지윤,12, hm5043kv@nano.com, s3u, 010-2312-5231, female
전지윤,88, ygu0ygm5@nano.com, 95u, 010-7088-5708, female
전지은,2, izyts81o@nano.com, 72s, 010-0102-6010, male
전지준,36, h0z195q1@nano.com, 7g0, 010-9236-4923, female
전지준,79, gff8t1v6@nano.com, 6ki, 010-3079-4307, male
전지준,13, ac77e9ei@nano.com, u5f, 010-0813-0081, female
전지진,55, lrlgy2n5@nano.com, hba, 010-2055-3205, female
전지호,88, y9iz2rvf@nano.com, q17, 010-7088-5708, male
전채윤,75, kz1p3di5@nano.com, iil, 010-0675-6067, male
전채은,84, s9qpluu5@nano.com, h3u, 010-3684-7368, male
전하서,77, 8hxtazle@nano.com, l0f, 010-9777-3977, male
전하연,57, wmw8r4pe@nano.com, hq5, 010-0157-0015, female
전하은,83, gsygfboa@nano.com, m3w, 010-5583-7558, female
전하준,63, ec6z80nf@nano.com, fe6, 010-0363-2036, male
전하준,64, 0fkd5xyb@nano.com, 4o3, 010-4164-4416, female
전현윤,47, umeqr68t@nano.com, unh, 010-7647-0764, female
전현진,3, wc1zxoxx@nano.com, 9r3, 010-4803-7480, male
전현호,72, zhw6tzou@nano.com, 9sd, 010-9672-7967, female
전현후,46, drzcem63@nano.com, 84q, 010-2846-9284, female
한도서,33, 7v6l5m1f@nano.com, goq, 010-0633-2063, female
한도우,87, bf55sawz@nano.com, vgo, 010-0687-0068, male
한도우,48, slaobfhq@nano.com, 3zq, 010-8848-8884, male
한도윤,39, fxadkzc3@nano.com, ihw, 010-8239-4823, male
한도윤,12, 91zgaa7n@nano.com, g33, 010-0212-3021, female
한도진,68, vh2aswr1@nano.com, 4lg, 010-0868-2086, female
한민연,25, 05t1ziho@nano.com, 1gn, 010-8425-0842, female
한민윤,91, 8l43vk2n@nano.com, y3u, 010-8991-2899, male
한서서,24, gdh8p0a7@nano.com, c3z, 010-9724-5972, female
한서아,96, m11ca2m4@nano.com, qyb, 010-0096-4009, female
한서연,58, qq430cb1@nano.com, wa9, 010-4058-0405, male
한서윤,48, 9spundt4@nano.com, a1d, 010-5648-3564, male
한서진,91, hk06vzuo@nano.com, su2, 010-3791-0379, female
한서호,92, mm2y968q@nano.com, zso, 010-8292-9829, male
한서호,56, 6419q350@nano.com, pfw, 010-3456-6345, female
한예우,32, ef811mk7@nano.com, 6g8, 010-1932-6193, female
한예호,7, ees2slkv@nano.com, hta, 010-8107-3810, male
한윤은,52, ucd0nvuv@nano.com, id5, 010-0052-4005, male
한윤후,48, 7p4h5d3v@nano.com, z2z, 010-1048-1104, female
한주연,51, 12aduc6r@nano.com, 0yz, 010-0951-0095, female
한지서,17, d65n9r4d@nano.com, l1e, 010-2117-8211, male
한지원,69, epl8ug9w@nano.com, 9oq, 010-2669-8266, male
한지윤,92, dvigg06x@nano.com, tz8, 010-8292-2829, male
한지은,34, arx5zqnk@nano.com, qwq, 010-5634-5563, female
한지은,23, 9x60l2aq@nano.com, 52c, 010-5023-7502, male
한지진,18, sx0g80c0@nano.com, z0t, 010-9618-9961, female
한채아,43, t3weiqzk@nano.com, 02u, 010-7643-3764, male
한채준,7, zlbmhd41@nano.com, 0v4, 010-1907-7190, female
한채준,53, s3vgyr6o@nano.com, 7hu, 010-8018-9801, male
한채진,4, pocw23bw@nano.com, oc4, 010-9804-2980, female
한채후,42, ws68s2av@nano.com, e4q, 010-8442-6844, female
한하연,78, cumszgut@nano.com, l8t, 010-6678-4667, male
한하우,94, 55mzvhzc@nano.com, shn, 010-3194-6319, female
한하원,86, 9uidth4o@nano.com, e5c, 010-4586-4458, male
한하원,35, 85pblfvq@nano.com, 4od, 010-4635-5463, female
한현은,67, za4f180b@nano.com, 5mp, 010-4367-6436, male
홍도서,45, 3v8ziocz@nano.com, l9v, 010-9645-8964, female
홍도원,87, 8g4hxiee@nano.com, 3wu, 010-8787-7878, male
홍도은,57, lusd6rxq@nano.com, sz0, 010-0557-5055, female
홍도은,24, 8a03n7yz@nano.com, afs, 010-0424-0042, male
홍민아,98, 2ybtxgtx@nano.com, wbm, 010-1198-5119, female
홍민우,46, rcmkpnqx@nano.com, bwp, 010-9946-7994, female
홍민윤,78, tz3t5nep@nano.com, 50b, 010-2978-4297, female
홍민준,19, 0q3ke27a@nano.com, ele, 010-4319-9431, female
홍서후,93, 09zyidhq@nano.com, qmv, 010-1093-9109, male
홍예서,17, 69d7odmi@nano.com, d4w, 010-6217-4621, male
홍예서,65, lytdwzcz@nano.com, sry, 010-5565-5556, male
홍예서,88, o1wph9uz@nano.com, uo4, 010-4188-0418, female
홍예원,26, pzuxl2r8@nano.com, iu3, 010-3026-9302, female
홍예은,42, vh9nq17g@nano.com, u4x, 010-4842-8484, female
홍예진,25, ta3vi3sd@nano.com, 38z, 010-2525-1252, female
홍윤서,37, tegiwiyt@nano.com, lhq, 010-0837-6083, female
홍주진,42, 1zw4gokx@nano.com, 1pu, 010-4842-8484, male
홍지서,26, 55e6t0xr@nano.com, btc, 010-4426-0442, male
홍지아,65, avs901zi@nano.com, 3xn, 010-3865-1386, male
홍지우,35, 32phwe8q@nano.com, wad, 010-9135-7913, male
홍지윤,43, paiheq9h@nano.com, avv, 010-6943-4694, female
홍지은,65, 82x9zqlo@nano.com, 01d, 010-4065-2406, male
홍지진,72, raug7i5y@nano.com, gbk, 010-9672-7967, female
홍지진,55, nf1drlug@nano.com, ggk, 010-3787-4378, male
홍지진,54, czvzf4tp@nano.com, 39f, 010-3054-1305, male
홍채준,34, g6xyxkz5@nano.com, lvt, 010-8734-2873, female
홍하진,5, yxl49y9r@nano.com, rp9, 010-5305-1530, female
홍하호,41, vkbp31z1@nano.com, a7b, 010-8341-7834, male
홍현서,7, wdhvqest@nano.com, qz0, 010-0285-5028, female
홍현연,23, 2ot21ide@nano.com, o37, 010-2223-4222, male
홍현진,29, c2l76m6m@nano.com, 4ut, 010-2729-2272, female
