name, age, e-mail, division, telephone, sex
강지진,35, hmt6mbnp@nano.com, 38z, 010-3635-0363, female
황현호,36, cwvq9qhi@nano.com, awi, 010-4036-5403, female
황현준,32, xpzr6kgz@nano.com, 4cz, 010-4132-2413, male
황현원,94, pcumssh5@nano.com, k0y, 010-3194-8319, male
황하후,63, fm3si69f@nano.com, iba, 010-8663-0866, female
황하후,28, vbhzrae2@nano.com, fyz, 010-9028-7902, female
황하후,36, lnp94vm9@nano.com, w31, 010-1236-7123, male
황하진,48, lorgsas5@nano.com, 9zl, 010-0248-1024, male
황하준,3, cyegqoxp@nano.com, k6c, 010-4803-5480, female
황하은,22, aexe2c3v@nano.com, luq, 010-4822-9482, female
황하은,6, z7ahgkyd@nano.com, dxm, 010-2806-1280, female
황하윤,73, 8tt7rrvh@nano.com, g6t, 010-4773-6477, male
황하윤,77, 1l6q2hs2@nano.com, ksn, 010-1177-9117, female
황하우,86, 0vxn6t5w@nano.com, b1m, 010-8686-9868, male
황채은,53, iy5rzrz5@nano.com, ffm, 010-2353-8235, female
황채은,36, e51fz83m@nano.com, cvd, 010-3536-9353, male
황채아,13, zei78l9h@nano.com, 80t, 010-1913-7191, female
황지후,81, f6vedbng@nano.com, bbx, 010-6981-0698, male
황지후,63, iuz294s5@nano.com, afr, 010-6463-5646, female
홍윤서,18, pxm178ye@nano.com, v7n, 010-1418-9141, male
홍예후,67, pbfst6ys@nano.com, sio, 010-4267-4426, female
홍예호,15, 6w9224f2@nano.com, xql, 010-6315-4631, female
홍예은,98, tvyasyea@nano.com, ibb, 010-8698-8869, male
홍예은,85, q26squ9z@nano.com, ywu, 010-3385-1338, male
홍예원,35, 8bizrkv9@nano.com, d2d, 010-4835-0483, female
홍예우,14, 63xfdn91@nano.com, w4x, 010-6114-8611, female
홍예연,24, dutv4zcc@nano.com, zcf, 010-9124-6912, female
홍예연,81, eoetdory@nano.com, 5p9, 010-8281-9828, female
홍예아,36, 2au9ptrz@nano.com, ghw, 010-6836-7683, male
홍예서,97, tf8uzgbp@nano.com, xsz, 010-3497-6349, female
홍서호,87, vack2vqi@nano.com, z7k, 010-5587-2558, male
홍서은,26, 99mws9h9@nano.com, 4hn, 010-3026-0302, female
홍서은,5, r68lf74k@nano.com, vdv, 010-2105-1210, female
홍서윤,72, bz4xmw39@nano.com, zi8, 010-3472-0347, male
홍서우,65, f12ve4vt@nano.com, 6hw, 010-4165-9416, male
홍서아,54, p5ydomcu@nano.com, kdb, 010-3554-2355, female
홍서서,42, 9gy1zv4a@nano.com, 3he, 010-9542-9954, female
홍민후,22, 8lib62hn@nano.com, knp, 010-3822-2382, female
한도준,9, vw6upx2d@nano.com,132, 010-9109-6910, male
한도윤,28, q8769mkm@nano.com, 0f8, 010-4928-1492, female
한도원,83, 4vvka2pb@nano.com, bv8, 010-6183-6618, female
한도원,27, za9rsw3i@nano.com, hdm, 010-9227-1922, male
한도아,46, 225h23ez@nano.com, n66, 010-6046-8604, male
한도서,45, ozuiatfu@nano.com, 1sk, 010-7445-4744, male
하현준,27, g7o0vvdp@nano.com, 58k, 010-1227-6122, male
하현은,32, vlawxizt@nano.com,623, 010-6232-2623, male
하현윤,37, tuh3aze8@nano.com, 2mx, 010-0837-2083, male
하현원,33, 8r2mlf8v@nano.com,4.00E+09, 010-5433-0543, female
하윤원,77, c4pm2k0m@nano.com, vci, 010-1677-6167, female
하예후,49, h9f04h1v@nano.com, y1g, 010-9449-7944, male
하예후,76, vpnusgqc@nano.com, ch3, 010-4676-1467, female
하예호,74, p851gbz2@nano.com, zrb, 010-2974-2297, male
하예호,74, my59gx1x@nano.com, mzn, 010-8174-1817, male
하예은,5, 1tw9p7gt@nano.com, co3, 010-7505-1750, male
하예우,26, ai3cxnay@nano.com, zty, 010-2826-8282, female
하예아,24, y6g563cn@nano.com, xgs, 010-3524-1352, female
하서호,73, pravcffh@nano.com, z68, 010-6473-4647, male
하서진,71, zxknnqha@nano.com, czp, 010-4771-0477, female
하서진,67, 4az73tzq@nano.com, cnv, 010-8267-7826, male
하서준,99, 8hdz5k2h@nano.com, 3nm, 010-1499-5149, female
하서윤,95, e0h1n3yb@nano.com, 2zc, 010-8395-5839, female
하서원,89, 8z7t23lz@nano.com, oxr, 010-6589-4658, female
하서우,3, 4t05crtu@nano.com, 83v, 010-3503-5350, female
최도서,28, a79bhvk6@nano.com, rw4, 010-5428-3542, female
조현후,26, 4c2zo9fk@nano.com, oys, 010-2226-2222, male
조현진,2, npwmot6s@nano.com, i80, 010-9087-8908, male
조현진,53, nuhw89i7@nano.com, 3ps, 010-7653-8765, female
조현준,63, nudx2fqi@nano.com, q2n, 010-3263-1326, female
조현은,37, 8r2t8vyu@nano.com, q5u, 010-1796-4179, male
조현윤,27, kltloha2@nano.com, iqg, 010-1427-7142, male
조현윤,96, zl9mar62@nano.com, 59v, 010-0496-9049, female
조현윤,46, apr0tz62@nano.com, vc3, 010-8546-1854, female
조현윤,12, zu91a25x@nano.com, 6ez, 010-2512-9251, male
조현우,43, yzgaegq5@nano.com, 0w1, 010-2343-7234, female
조현연,97, 0hpkck9z@nano.com, xw9, 010-3297-4329, male
조현서,45, 9s7qz0zs@nano.com, 0zq, 010-6545-1654, male
조하후,3, chrnrdmf@nano.com,5.00E+06, 010-4803-5480, male
조하후,26, kgwanaps@nano.com,352, 010-8126-1812, male
조하후,39, 8nx6ln8w@nano.com, gtd, 010-1039-1103, female
조하호,53, c6gmef60@nano.com, 3i4, 010-2153-9215, male
조하진,18, vnct9pc8@nano.com, 59a, 010-1095-1109, male
조하윤,3, r0afy2pg@nano.com, 5m1, 010-5003-4500, female
조하원,86, 8wrokg18@nano.com, t4u, 010-0886-4088, male
조하우,26, n284iczy@nano.com, e4c, 010-1926-3192, female
조하연,46, r2e20riu@nano.com, zkg, 010-1246-3124, male
조하연,19, sqbxache@nano.com, kkx, 010-6319-0631, male
조하연,82, zn98lxq5@nano.com, w9t, 010-8982-8898, male
조하아,88, wa1agiuh@nano.com, kh9, 010-8788-8878, male
조채후,38, 7pmrd0xs@nano.com, 9g1, 010-2038-8203, male
조채후,13, 7wv3t6e3@nano.com, ti7, 010-8313-0831, female
조채호,45, bm1cdzpz@nano.com, ob6, 010-3345-2334, male
조채진,73, qha9sq2l@nano.com, s1a, 010-0773-3077, female
조채준,62, w29zficm@nano.com, zs8, 010-3262-9326, male
조채은,71, l3a3a2g7@nano.com, znp, 010-0371-0037, male
조채은,65, ds4klysh@nano.com,432, 010-7765-8776, female
조채윤,83, xhpa6czd@nano.com, oxz, 010-1183-1118, male
조채원,72, azr92x8b@nano.com, kfz, 010-7372-1737, female
조채아,93, rqx8r442@nano.com, whx, 010-8393-2839, male
조채아,37, 119690ig@nano.com, h5y, 010-9346-6934, male
조지후,59, pt274td3@nano.com, uw8, 010-0759-2075, male
조지진,77, inpzhrzy@nano.com, 9na, 010-9577-1957, female
조지준,94, 1c7yhmfs@nano.com, adp, 010-2894-1289, female
조지준,96, 6pcp2fkg@nano.com, 53w, 010-3696-6369, female
조지준,53, 9kezsllq@nano.com, h67, 010-6353-6635, female
조지원,38, ldmo3h5r@nano.com, shh, 010-7138-1713, male
조지원,77, aesszzns@nano.com, 8ht, 010-5277-2527, female
조지우,28, mm7gcbmp@nano.com, acx, 010-9628-3962, male
조지우,62, hzd3onh1@nano.com, boc, 010-2962-5296, male
조지우,96, baf9oueq@nano.com, esz, 010-9096-6909, male
조지아,84, 5w2fd5ca@nano.com, 7uc, 010-4284-7428, male
조지서,22, uraf1kmz@nano.com, nkw, 010-1222-4122, female
조지서,2, izpc6u43@nano.com, ar3, 010-2602-4260, female
조주후,32, h4ibncpb@nano.com, 97l, 010-4432-0443, female
조주후,68, ycg3ohzi@nano.com, 2zh, 010-8568-7856, male
조주진,75, r685uqxz@nano.com, 0q9, 010-5375-8537, male
조주은,92, 656mol8z@nano.com, okb, 010-3092-8309, female
조주은,42, hqe1qm9k@nano.com, 0dx, 010-7142-4714, male
조주윤,53, docgl2pe@nano.com, 0ra, 010-9653-8965, female
조주원,36, ih30n3cy@nano.com, zct, 010-0736-8073, male
조주우,86, glib44xm@nano.com, 3rr, 010-4586-4458, female
조주우,48, dmmbzzwq@nano.com, hfo, 010-1948-0194, female
조주서,31, t4g6cp54@nano.com, l4t, 010-2731-9273, male
조주서,26, e8ba1kss@nano.com, u41, 010-0926-9092, male
조주서,96, fl7dpxz0@nano.com, z9y, 010-4496-9449, male
조윤호,65, z7y8cbgo@nano.com, bvy, 010-1165-7116, male
조윤원,49, mns0a68a@nano.com, llt, 010-7849-2784, male
조윤연,41, xevm2t4k@nano.com, 1w7, 010-4941-4494, male
조윤아,92, nuelski2@nano.com, t3m, 010-1392-4139, female
조윤아,88, v7ms354k@nano.com, qxx, 010-6688-2668, male
조윤서,49, odi83azs@nano.com, 4vc, 010-4749-7474, female
조윤서,38, nk6a7134@nano.com, z14, 010-2338-4233, male
조예후,91, ao71zasw@nano.com, 26e, 010-7691-2769, female
조예호,38, 0ekhzrff@nano.com, slr, 010-0338-6033, male
조예우,15, iwxidab9@nano.com, 4cf, 010-7095-6709, male
정서우,67, yl7yo8sx@nano.com, 5fb, 010-2567-3256, female
정서연,68, 9e3bt4x9@nano.com, vdb, 010-8768-7876, female
정서아,26, nav6x21s@nano.com, vnx, 010-9026-1902, female
정서아,32, yd43ccb8@nano.com, uqf, 010-7732-3773, female
정서서,6, el32rod5@nano.com, 3a0, 010-6306-7630, male
정민후,77, oma8qa67@nano.com, c92, 010-4077-0407, female
정민후,91, b0kchn58@nano.com, y0d, 010-5591-9559, female
정민호,18, zrtiemfe@nano.com, w82, 010-9518-4951, male
정민호,45, ss8rep7q@nano.com, bkg, 010-0645-6064, female
정민진,93, hz5nerkr@nano.com, p71, 010-5793-2579, male
정민은,54, zmrm2bdu@nano.com, h1k, 010-6754-1675, female
정민윤,82, 5bb0v433@nano.com, 7ub, 010-2482-0248, female
정민원,88, k28sydd9@nano.com, qsa, 010-0388-3038, female
정민원,78, ifn28moe@nano.com, e7r, 010-6878-9687, male
정민원,53, rank2lng@nano.com, 0u8, 010-0053-4005, male
정민우,39, h5g51udl@nano.com, 1y1, 010-0039-8003, female
정민연,11, z5vdhgzn@nano.com, hd2, 010-9611-5961, female
정도후,47, kc1qu9q3@nano.com, 7sh, 010-7047-8704, male
정도진,45, spyayidg@nano.com, 26v, 010-2545-6254, female
정도윤,94, rupbd9gs@nano.com, lqv, 010-3194-8319, female
정도우,17, tmcavrdt@nano.com, 2pf, 010-1617-8161, female
정도서,24, c7mtq2mz@nano.com, abq, 010-3724-3372, male
정도서,39, ugule6fa@nano.com, 93t, 010-2539-8253, male
장현후,57, cvplp5bc@nano.com, d4o, 010-3657-8365, male
장현진,28, 13upc5um@nano.com, grz, 010-9128-3912, female
장현준,93, m00pk668@nano.com, fb0, 010-7893-8789, female
장현은,63, 3od5rqmk@nano.com, skp, 010-3263-7326, female
장현윤,36, 7zliil0l@nano.com, gqd, 010-1036-8103, female
장현우,8, 3af3ux85@nano.com, m4r, 010-7408-7740, female
장현서,77, 306em799@nano.com, wqt, 010-9577-1957, male
장하준,19, 2swaf8du@nano.com, 5mu, 010-5219-1521, female
장하은,1, 0o5fzo43@nano.com, h29, 010-3801-0380, female
장하은,73, iap55tzc@nano.com, s7b, 010-6373-7637, female
장하원,68, z0imgu49@nano.com, xzv, 010-2368-4236, female
장하원,43, e9utkyv9@nano.com, m6q, 010-4043-4404, male
장하우,46, plnxz01b@nano.com, ksl, 010-9346-6934, female
장하우,23, vyuv7hth@nano.com, 0dl, 010-8923-3892, female
장하연,99, 59ha71d4@nano.com, qyr, 010-9199-2919, male
장하아,28, 5e5gsf6z@nano.com, mtz, 010-3028-0302, male
장채호,22, sclqsvxc@nano.com, wvb, 010-9722-3972, female
장채준,81, hhe0z0ub@nano.com, upb, 010-9681-2968, male
장채준,98, 534pnzzm@nano.com, liw, 010-9398-4939, female
장채은,22, 9rzhsvws@nano.com, w3y, 010-6322-1632, female
장채윤,23, d8we4oq2@nano.com, wts, 010-2523-7252, male
장채윤,22, hy8qlxzv@nano.com, vzo, 010-3322-9332, male
장채서,36, p3clqsxn@nano.com, dof, 010-2736-9273, female
장지후,83, vtkselms@nano.com, w2x, 010-0683-9068, female
장지호,73, zuz26s3d@nano.com, a8f, 010-2173-7217, female
장지진,34, aqpgvb9o@nano.com, rbl, 010-7534-0753, male
장지준,43, 5dcz84ll@nano.com, g37, 010-0943-5094, male
장지준,26, bxhhfdh2@nano.com, 9s4, 010-4026-9402, male
장지준,78, 13yrne8u@nano.com, wv8, 010-2578-2257, female
장지준,63, e5r5bqz0@nano.com, f1e, 010-7063-3706, male
장지은,95, si6cssfg@nano.com, qtq, 010-0295-3029, male
장지은,53, b1hmxy2d@nano.com, uea, 010-0253-1025, female
장지은,27, qk3ix8zz@nano.com, 2l6, 010-7627-1762, male
장지원,13, nydrotdi@nano.com, gi2, 010-9613-5961, male
장지우,82, ok60e8kg@nano.com, 0z5, 010-2682-1268, female
장지우,84, dcw3bc84@nano.com, ptg, 010-2184-9218, female
장지연,44, 2biou074@nano.com, 90r, 010-2744-2274, female
장지아,5, blw01ld7@nano.com, a3d, 010-1205-2120, male
장지아,84, affa7nyo@nano.com, zk6, 010-2484-1248, male
장주후,72, yb7044nu@nano.com, nnf, 010-1272-4127, female
장주후,12, f3e2v8an@nano.com, hfe, 010-1112-7111, female
장주후,59, l2mrvviy@nano.com, sei, 010-1259-8125, male
장주후,45, kce94h3m@nano.com, 04c, 010-5945-2594, male
장주진,24, yd2q6p03@nano.com, ug0, 010-1224-4122, male
장주은,65, inkxuz2o@nano.com,967, 010-2065-4206, male
장주원,22, i3zctsoc@nano.com, p5d, 010-0322-2032, male
장주우,46, zk1kw89w@nano.com, fr4, 010-7046-8704, male
장주연,85, she8zyz1@nano.com, snx, 010-0485-2048, female
장주아,9, rwd5v0ll@nano.com, unu, 010-0009-3000, male
장주서,27, 3btcm0mo@nano.com, 3ff, 010-9727-5972, male
임현연,45, 3b80gl2q@nano.com, tov, 010-0645-6064, female
임현서,16, f1qgb7dv@nano.com, c7h, 010-3916-1391, male
임현서,8, w4ku7swi@nano.com, e57, 010-5508-3550, female
임하후,7, e1bqzxs0@nano.com, etz, 010-8107-7810, female
임하진,6, u0lofsl1@nano.com, z5k, 010-6206-1620, male
임하준,82, yc0zd743@nano.com, kb3, 010-2082-7208, female
임하원,58, se25ebfx@nano.com, 5ah, 010-3758-2375, female
임하원,1, ewf6p3vo@nano.com, ex4, 010-1301-3130, female
임하원,67, zk2s2i7z@nano.com, elp, 010-9667-0966, female
임하우,25, w24m1xkx@nano.com, w5d, 010-7925-4792, female
임채준,25, gee6v6ct@nano.com, 49q, 010-3825-3382, female
임채준,55, 865q5hg3@nano.com, nbb, 010-3355-0335, male
임채준,62, 8wcrsrzw@nano.com, zgz, 010-2162-0216, female
임채준,12, zfovqhav@nano.com, btk, 010-1212-0121, female
임채윤,74, n2on5py0@nano.com, 4bn, 010-4174-7417, female
임예진,16, r8utfdka@nano.com, 9p3, 010-4016-5401, female
임예진,37, fr7x8sp5@nano.com, a7t, 010-8337-9833, female
임예준,98, cx56xo5e@nano.com, cs1, 010-5998-8599, female
임예은,6, iimbqzcz@nano.com, zsl, 010-7506-3750, female
임예윤,7, mokcaovz@nano.com, p5w, 010-3207-1320, female
임예원,82, y4ha8p72@nano.com, tzs, 010-1082-4108, female
임예연,17, rqlouzye@nano.com, 25s, 010-3717-4371, female
임예연,4, rmrhvzmz@nano.com, u4h, 010-3704-4370, male
임예연,4, ucdmv1zs@nano.com, 9rb, 010-7404-0740, female
임서호,75, x6s17mgz@nano.com, cu5, 010-1175-6117, male
임서호,63, w016b7ak@nano.com, 95r, 010-2963-0296, male
임서호,89, 3wxfgd2p@nano.com, iye, 010-4889-4488, female
임서호,86, tvedcf89@nano.com, b0d, 010-8286-1828, female
임서은,66, gevz202v@nano.com, 68r, 010-0666-3066, female
임서은,83, s2bqpngy@nano.com, kt4, 010-8283-3828, male
임서은,58, 6yv2xf1i@nano.com, rm1, 010-5358-9535, female
임서은,63, kbiwp412@nano.com, mmu, 010-2563-7256, male
임서윤,85, ddlymhz8@nano.com, a9b, 010-8785-1878, female
임서원,79, fzcwzege@nano.com, t47, 010-2179-3217, male
임서원,46, dp8apdih@nano.com, 8h7, 010-7846-7784, male
임서아,62, p4gvca8z@nano.com, xe2, 010-4162-0416, male
임서아,94, sitvq0bo@nano.com, fkx, 010-5194-5519, female
임민후,65, rp92nvro@nano.com, n87, 010-2065-4206, female
임민윤,45, vzcy4lg1@nano.com, s1o, 010-1945-7194, male
임민윤,48, t81s4obz@nano.com, si9, 010-4648-9464, female
임민윤,95, 0zfsas5h@nano.com, zve, 010-4695-9469, male
임민연,18, xnkzbvn7@nano.com, 2nr, 010-0318-7031, female
임민서,22, vzi4pg7b@nano.com, yhs, 010-7822-0782, male
윤채연,73, 6ezs9obr@nano.com, hdr, 010-4573-4457, female
윤채연,6, 6xtvzyq8@nano.com, x2w, 010-9106-5910, female
윤채아,25, anpbyfsf@nano.com, m7h, 010-5625-6562, male
윤지준,16, fder501k@nano.com, iv3, 010-7216-2721, male
윤지준,54, attd1eky@nano.com, srf, 010-2254-2225, female
윤지은,74, 1dp13o7k@nano.com, fxz, 010-4774-7477, male
윤지은,3, kbtp3rr7@nano.com, 9vx, 010-2003-8200, male
윤지은,37, np44kzq2@nano.com, q5u, 010-8837-6883, male
윤지은,78, f0sz3b1y@nano.com, xh1, 010-7878-6787, male
윤지원,95, 7rnzarne@nano.com, zqb, 010-6395-2639, female
윤지우,95, dnv4ofhi@nano.com, a3l, 010-6095-8609, female
윤지우,32, e3zz4dh1@nano.com, xin, 010-5532-8553, male
윤지우,66, wb8aztkx@nano.com, ntw, 010-9666-7966, male
윤지아,73, irg5u8b3@nano.com, xl3, 010-5173-2517, female
윤지서,72, i41ascb3@nano.com, 5dy, 010-8772-8877, male
윤주호,12, k77s9qhm@nano.com, 6os, 010-7512-6751, female
윤주진,74, gg76owoz@nano.com, dmy, 010-9074-6907, male
윤주은,82, 89n9qdcx@nano.com, u8y, 010-9782-1978, female
윤주윤,42, mnmgfmwb@nano.com, 4s3, 010-4042-3404, male
윤주우,98, 9v8vm0dt@nano.com, knz, 010-0198-6019, female
윤주우,97, gw2s6d89@nano.com, 05c, 010-2497-0249, male
윤주연,74, ze7f28mm@nano.com, ymo, 010-3674-8367, female
윤주아,5, r3xe0ngg@nano.com, uzt, 010-5005-0500, male
윤주아,42, 4dzzid4z@nano.com, b8a, 010-7942-3794, female
윤주서,72, ceotqg9y@nano.com, dpt, 010-9072-3907, male
윤윤진,55, 5e9z9foi@nano.com, 1oi, 010-2055-7205, female
윤윤은,22, t59ktze0@nano.com, 4u9, 010-9722-3972, female
윤윤은,23, wpbxhnxq@nano.com, vhz, 010-0523-6052, male
윤윤연,71, novctkht@nano.com, 7ud, 010-0271-1027, male
윤윤연,59, 5pmssatt@nano.com, cy8, 010-0759-7075, male
윤예후,16, zthacxdu@nano.com, z3q, 010-1116-8111, male
윤예호,35, tcpzbcd1@nano.com, 5x6, 010-3235-6323, male
윤예호,86, agcts9dh@nano.com, lin, 010-7186-5718, male
윤서후,12, e2ig4fzk@nano.com, u2t, 010-2512-9251, female
윤서호,84, kae9aly8@nano.com, sgb, 010-3784-5378, male
윤서진,8, pu89x0dk@nano.com, iv0, 010-3508-5350, female
윤서진,67, oy24f75g@nano.com, ikk, 010-4767-6476, female
윤서준,4, og91svd6@nano.com, f4n, 010-0304-7030, male
윤서은,52, qz3q8htm@nano.com, gr7, 010-3152-6315, male
윤서우,24, 1b3bbcz7@nano.com, m5q, 010-4524-6452, female
윤서연,83, 6d89ci5m@nano.com, s4x, 010-0283-7028, male
윤서연,47, vqiulb4m@nano.com, unh, 010-9747-4974, male
윤서연,27, kbvdzt8a@nano.com,408, 010-6127-4612, male
윤서서,73, nblz43w3@nano.com, rh1, 010-6473-9647, male
윤서서,3, zagvfsw8@nano.com, uvf, 010-5203-6520, female
윤민후,77, 61wxek07@nano.com,483, 010-1177-5117, female
윤민준,8, 9lz0wab5@nano.com, 5yz, 010-3708-7370, male
윤민준,24, k00ezqvw@nano.com, wzo, 010-5024-0502, female
윤민윤,18, vdng7cmm@nano.com, lcd, 010-6518-2651, female
윤민윤,18, xnhmbgof@nano.com, 26p, 010-4918-1491, female
윤민원,95, 2kcl3krz@nano.com, 6un, 010-3495-6349, male
유예서,5, g5avw3o2@nano.com, ueu, 010-2105-1210, female
유서진,62, unpmrhl9@nano.com, 1fa, 010-8462-5846, female
유서진,96, 9dz1kru3@nano.com, gtf, 010-9396-5939, male
유서진,8, bd4utn8g@nano.com, rnh, 010-3208-7320, male
유서준,61, wipo4bi7@nano.com, 33w, 010-8461-7846, male
유서윤,56, rq0ia5s8@nano.com, el8, 010-6756-9675, male
유서우,43, zmh7l7fw@nano.com, s0c, 010-2543-4254, female
유서연,75, uw335ctf@nano.com, eoo, 010-3275-9327, male
유서서,34, t2e2s21b@nano.com, hzh, 010-1234-3123, female
유서서,48, 84u9phqh@nano.com, qh9, 010-4948-4494, male
유서서,43, 51ouhizh@nano.com, md5, 010-7843-8784, male
유민진,2, huzmzf60@nano.com, ltf, 010-7202-3720, female
유민준,81, gw3ssizn@nano.com, 38x, 010-6981-0698, male
유민윤,81, d089o9ds@nano.com, qx5, 010-1481-8148, female
유민원,86, zk6domtt@nano.com, gm0, 010-8386-4838, female
유민원,24, fmntln42@nano.com, w3k, 010-8024-8802, female
유민원,71, ip7kdxwx@nano.com, dvo, 010-2471-3247, female
유민우,59, ik4olh00@nano.com, s33, 010-3259-0325, female
유민우,5, vak4fpgm@nano.com, 4k2, 010-2305-0230, male
유민우,52, kozuwfzr@nano.com, 2p3, 010-4452-4445, female
유민연,83, e4mptkat@nano.com, 2rv, 010-0383-3038, female
유도호,98, qy43yev7@nano.com, zw1, 010-6998-0699, female
유도호,67, adp5utn4@nano.com, mbx, 010-6367-5636, female
유도은,48, t0m33b86@nano.com, osn, 010-5348-3534, female
유도윤,35, x8bcxgbd@nano.com, 98t, 010-9335-1933, male
유도연,47, 38au7w2n@nano.com, ezy, 010-5547-3554, male
안현후,47, 1x205kgc@nano.com, gdn, 010-5447-4544, male
안현호,53, qr560a5y@nano.com, e84, 010-6453-5645, male
안현진,57, u6wn6gaz@nano.com, co2, 010-0857-1085, female
안현준,31, l7uu8dz8@nano.com, 00x, 010-4331-9433, female
안현은,34, iy7g6s1v@nano.com, ik7, 010-6934-3693, male
안현은,25, pinl3g8c@nano.com, uc5, 010-6125-4612, female
안현윤,52, kx7nz84f@nano.com, 2n7, 010-6652-2665, male
안현원,64, n2ek7kvr@nano.com, oy4, 010-1164-4116, male
안현원,48, hamqlxz7@nano.com, qcl, 010-0248-4024, female
안하후,77, 4lqr3h00@nano.com, 9ef, 010-8877-4887, male
안하호,43, g1tkwupo@nano.com, 5da, 010-7843-8784, male
안하윤,15, me1gwx9k@nano.com, dbw, 010-4215-7421, female
안하윤,46, qozsunga@nano.com, 9yd, 010-5846-4584, male
안하우,26, npxyu1r9@nano.com, 1uz, 010-4526-9452, male
안채후,74, g2k8vig1@nano.com, 9ko, 010-2974-2297, female
안채후,34, wpa2o68t@nano.com, u2k, 010-2417-9241, male
안채호,57, xl20p0hz@nano.com, ecg, 010-2757-4275, male
안채진,93, hoatlpq0@nano.com, yw5, 010-7393-9739, male
안채준,54, ugnkp835@nano.com, ynw, 010-2254-8225, male
안채준,16, kkaqwz7g@nano.com, ue9, 010-4816-6481, male
안채은,91, xw1xa6rp@nano.com, 9i7, 010-1091-4109, male
안채은,89, 5o0ocbg4@nano.com, v88, 010-2889-6288, female
안채은,44, lfbcwrbk@nano.com, y22, 010-1353-8135, male
안채원,34, 59tbpdut@nano.com, zdz, 010-1434-1143, male
안채연,16, nh1o98lw@nano.com, zwu, 010-1416-8141, female
안지후,45, z3soy0as@nano.com, smk, 010-2245-4224, male
안지후,56, qxpiuyf9@nano.com, y0e, 010-9456-8945, male
안지호,58, 1bx7zmww@nano.com,337, 010-1558-5155, female
안지진,67, r6d1zvo2@nano.com, 73q, 010-6067-3606, female
안지준,13, ns2qn958@nano.com, fyn, 010-2113-6211, female
안지은,66, ya2ok3zv@nano.com, zmi, 010-2066-2206, male
안지은,12, iz8k1v6m@nano.com, ute, 010-5712-7571, female
안지은,25, 47mxmopf@nano.com, ret, 010-3525-4352, male
안지원,95, u4zmftzm@nano.com, ikz, 010-5895-9589, male
안지우,48, 6lrucm3u@nano.com, lm0, 010-4848-5484, female
안지연,7, zcok2c60@nano.com, 9h7, 010-8407-8840, female
안지아,34, l6rclpv0@nano.com, eyd, 010-5134-8513, female
안지서,44, 29umo9b0@nano.com,110, 010-7244-7724, female
안지서,35, 2f7b7x1v@nano.com, 5cv, 010-7635-0763, male
안주준,78, v3bmrfn9@nano.com, 1lw, 010-4578-9457, male
안주준,3, sdovl3zz@nano.com, lvo, 010-7603-8760, male
안주은,31, 1sfi75l6@nano.com, 8qp, 010-1231-1123, female
안주연,5, 8lqxvdi1@nano.com, fw5, 010-4905-6490, female
안주아,54, pivlhagz@nano.com, qqd, 010-7454-9745, female
안윤호,45, vyzxc1mi@nano.com, k3k, 010-2545-0254, male
안윤진,73, tq8cz88z@nano.com, aqi, 010-7873-8787, male
안윤진,57, 22wmxlrb@nano.com, 9sd, 010-2957-9295, female
안윤윤,9, 2cw9g8b4@nano.com,504, 010-1209-0120, female
안윤연,18, 43n7kx6b@nano.com, lkz, 010-5418-1541, female
안예후,16, uoyz5l81@nano.com, mmo, 010-6916-7691, male
안예호,59, 93c678qo@nano.com, g7q, 010-8859-1885, male
안예준,37, 1in1606y@nano.com, 7ef, 010-2137-0213, female
안예준,72, 3lkzp4i1@nano.com, 8yv, 010-1472-3147, female
안예준,13, 0zz37214@nano.com, e2q, 010-4213-1421, male
안예윤,15, r77vy4tv@nano.com, rwx, 010-2115-7211, female
안예원,75, tg7m93xa@nano.com, 6gh, 010-3275-9327, male
안예우,66, mr6xquiu@nano.com, u7z, 010-6366-7636, female
안예우,55, q5vivnru@nano.com, taz, 010-1555-8155, female
안예우,53, 3mm6x2zo@nano.com, ag1, 010-2242-5224, male
안예연,98, d2zf4thw@nano.com, 82v, 010-5498-6549, male
안예아,17, qtkinsxq@nano.com, eho, 010-7117-7711, male
안서후,65, zmb6wqh2@nano.com, zw3, 010-7565-6756, female
안서후,13, awpwgcob@nano.com, gfz, 010-5013-5501, male
안서진,38, dc2n6p5t@nano.com, 4qy, 010-6316-3631, male
안서진,25, fd4m5mlz@nano.com, ez1, 010-3825-7382, female
안서은,68, ibcftz0z@nano.com, 28z, 010-0068-7006, female
안서은,53, 5m506hcq@nano.com, qxq, 010-0253-7025, male
안서윤,15, 3m5lqcze@nano.com, 6zk, 010-0415-9041, female
안서윤,38, h8pz7c10@nano.com, duf, 010-6538-7653, female
안서원,64, bs8qcxzp@nano.com,6.00E+06, 010-1164-2116, female
